,opprpg
5416,4.70696
2253,4.96224
4487,3.87468
723,4.48127
3970,4.28947
4768,4.704
533,4.13641
4492,5.05048
3322,3.87817
2524,4.72014
3352,4.111906413793103
766,3.85934
4958,4.07185
1785,4.77852
3275,4.54341
4399,4.66123
4484,3.4085
3613,5.05048
5201,4.92028
4699,4.69486
402,4.77852
0,4.01644
3281,3.4679500000000005
2851,4.06217
3210,4.43662
3656,4.43662
3564,5.124752222222222
172,5.29365
1796,5.2498
2906,4.05356
297,4.6954
4737,5.10078
1358,4.103868196721312
4877,4.73359
14,4.85895
5093,4.10467
391,4.41052
3065,4.61604
4423,4.16762
3658,4.29243
867,4.54341
1075,4.10117
2728,4.481
581,4.2773200000000005
4560,4.10117
3961,4.5235
4689,4.79788
4347,3.85934
108,4.96224
4787,4.15282
4864,5.05048
3900,4.51678
2564,4.43204
1810,4.21496
4372,4.13265
859,4.07777
196,5.252923492063492
4285,4.72014
5200,4.71718
644,4.09875
435,4.96224
4539,4.3812
2757,4.92028
2238,4.10117
5044,4.0619
3954,4.6954
1540,4.6954
1066,4.01509
2543,4.00514
3629,4.28517
792,4.66123
4017,4.00514
4339,4.3812
767,3.92041
4102,4.92028
5078,4.49768
3603,4.934
4503,4.64186
81,4.51678
3408,3.92041
697,4.32337
409,4.13641
3429,4.11785
2455,4.22707
2104,5.05048
2799,4.13641
3235,4.62384
3271,3.89996
3205,4.57865
4903,4.51678
5338,3.85934
3477,4.92028
2106,4.481
3736,5.2498
3127,5.39802
1853,4.06217
322,4.13399
2337,4.01509
3602,4.63756
3203,4.88558
4650,4.0619
932,4.5235
3171,4.41052
2632,4.73279
4260,4.49876
1549,4.16762
1607,5.31786
3760,5.29365
1396,4.60824
1234,5.10078
2114,4.73359
3039,4.714610647482014
3090,4.57865
4567,5.04133
2545,4.55336
220,4.49768
2320,3.87817
3009,4.70696
2750,4.97381
1112,4.13399
3686,5.2498
4149,4.5001
123,4.704
1341,4.48127
4593,4.10117
2656,4.97381
1251,4.79788
4957,4.49876
1855,4.15282
1807,4.69486
1006,5.04644
5575,4.15524
1411,5.39802
848,4.77852
3024,4.57865
1588,4.00514
3092,4.15524
1845,4.57865
4602,4.67092
965,4.07777
404,4.50898
150,4.72014
4887,5.29365
4979,4.43662
1034,4.70696
2707,4.63299
4046,5.39802
4542,4.01509
1376,4.07185
3006,4.63299
2904,4.10467
4193,4.06217
1253,4.43662
4663,4.32902
2426,4.28517
4058,4.77852
942,5.39802
4656,3.85934
1697,4.22707
1445,4.15524
3395,4.60824
4394,4.70696
2227,4.66123
4107,4.15524
3264,4.44684
5664,4.63541
2499,4.71718
3349,4.66123
26,4.06809
21,4.95606
863,4.28517
3347,4.22222
4645,4.37636
2226,4.077769999999999
3132,5.2498
1419,4.5235
468,4.32337
925,4.01509
5581,4.58322
422,4.55336
915,4.22222
2505,4.43662
4323,4.28517
3668,4.49768
3393,4.69486
4996,4.02801
39,4.55336
2388,5.01201
215,3.89996
2250,4.63541
4234,4.96224
4366,4.704
3912,4.01509
3921,4.48127
5687,4.41052
333,4.70696
575,4.22707
2164,4.06809
4223,4.50898
5690,4.303999999999999
1255,4.83016
5421,4.43204
2498,5.01201
3093,4.28947
4282,4.32283
4401,4.72014
1878,3.991787899159664
1329,4.15282
2639,4.43662
3767,4.49768
4464,5.05048
4963,4.63756
1932,4.57865
4776,4.58322
2873,4.44684
3837,4.09875
5119,3.97501
5017,4.08073
4551,3.99035
4672,4.10117
3118,4.49768
5619,4.44684
5162,4.3812
2701,4.69486
1047,4.71718
5522,4.21496
109,5.04133
2188,4.304
224,4.934
5490,4.43662
4478,4.575832892561984
5686,4.48127
4326,4.5001
5210,4.28947
1356,4.43662
2937,4.520536000000001
605,4.32902
1269,4.32283
4576,3.85934
4932,4.88558
2729,4.62384
1906,4.61604
750,4.64186
4930,4.73359
802,4.50306
2265,4.304
2903,4.0619
5591,3.93924
2967,4.67092
3372,4.32902
5317,4.50252
507,4.32902
1471,4.21496
2764,4.41052
5618,4.304
3404,4.49768
2365,4.21496
2402,3.67965
3414,4.96224
1324,3.87817
5217,4.6954
4966,4.32337
4898,4.13641
4597,4.63299
1395,4.61604
70,4.08073
5188,4.02801
3324,4.3812
2621,4.06809
2588,4.665383819444445
95,4.55336
938,4.32337
1982,4.13265
497,4.07185
1123,4.11785
4771,4.13399
2339,4.0619
324,4.29243
432,4.934
4712,4.57865
258,3.82357
1460,4.55336
276,4.32283
2034,4.29862
2970,4.366897522123893
325,4.13265
4928,4.01509
2828,4.304
4166,4.7977244295302
5661,4.73279
13,4.88665217948718
11,4.67092
5533,4.32902
3220,4.96224
5060,5.2498
3718,3.874680000000001
4469,5.31786
4449,4.71718
4838,4.96224
2240,4.73279
5677,4.15524
5315,3.88302
886,4.29862
3328,4.13265
5589,4.11785
4842,4.61604
3953,4.50306
4778,4.934
1065,4.28517
2608,5.31786
3871,4.47535
4830,4.64186
1177,4.32337
3811,4.43662
420,4.62384
2682,4.77852
3706,4.49768
3751,4.57865
3073,5.05048
5458,4.55336
2408,5.39802
4524,3.89996
926,3.87817
253,4.54341
3803,4.09875
4861,4.0619
4475,4.92028
4857,4.00514
745,4.62384
3308,4.95606
2638,4.92028
4669,3.85934
4735,4.73279
2263,4.02801
3834,4.29243
1862,3.97501
1035,4.01509
5290,4.86675
2555,4.29862
5436,4.54341
1017,3.97501
2160,4.44684
556,4.49768
1883,5.29365
481,4.3812
3022,4.73279
2312,4.47535
2138,4.90387
4652,4.06217
126,4.16762
3951,4.13265
66,4.29862
5256,5.10078
2907,3.82357
3647,4.10467
2848,4.55336
1394,4.69486
3160,3.93924
5002,4.32902
5010,4.00514
1928,4.72014
390,4.43662
2045,4.83016
2056,4.09875
3000,4.32902
5526,4.77852
1945,4.92028
4841,4.69486
4774,4.70696
1241,5.29365
4191,3.97501
5135,4.32902
5045,4.10467
3200,5.04133
3031,4.77852
4853,4.13641
2503,4.79788
4741,4.57865
1802,4.47535
754,4.37636
1271,4.47535
3641,4.37636
2778,4.63299
813,4.50306
2354,4.49768
2091,4.49876
3496,4.49768
3796,4.49876
2096,4.06809
4610,4.11785
4308,4.22707
3193,4.10117
4827,4.71718
715,4.07777
1184,4.43662
155,4.0619
4440,4.09875
1489,4.85895
2146,3.8623
5012,4.01509
4868,3.97959
768,4.21496
441,4.44684
2475,4.37905
2474,4.5235
1424,3.8623
5617,4.019835585585586
3047,4.5001
3329,4.304
5519,4.5235
4606,4.304
2784,4.73359
5622,4.087055242718447
1406,4.72014
2171,4.32337
3257,4.47535
1764,5.2498
4836,5.10078
2550,4.32902
1120,4.58322
1482,4.62384
3753,4.06217
7,3.87737
4306,4.90387
3403,4.48127
4268,4.37905
2678,4.90387
2277,4.21227
1817,4.61604
2349,4.92028
1749,4.661229999999999
5470,4.71718
1077,4.50252
1508,4.96224
3319,3.40823
4646,4.00514
3088,4.501079718309859
4691,4.43662
4023,3.87468
4100,4.67092
157,4.08073
4031,4.32902
1506,4.50898
3962,3.85934
4005,4.55336
2742,4.28947
2987,4.69486
3430,3.9750100000000006
4952,4.32337
5008,5.39802
5301,5.39802
165,4.871722983870968
679,4.07777
4251,5.31786
4410,4.85895
1523,4.704
3637,4.28517
4675,4.16762
2258,3.85934
1938,4.383112452830189
4978,4.44684
951,4.62384
5660,4.32337
5553,4.58322
1914,4.32902
4964,4.32902
465,4.62384
5168,4.3812
2260,4.21496
2213,4.54341
3765,4.07185
3708,4.97381
1148,4.22707
4536,4.77852
294,4.13265
5518,4.15282
5144,4.21227
534,4.29862
801,4.304
4229,4.304
3310,4.08073
5079,3.93924
3491,4.66123
4379,4.32902
1934,4.60824
1032,4.54341
1081,4.96224
1028,4.22707
2243,4.71718
2838,4.28517
3702,4.70696
5469,5.01201
4731,3.88302
2708,5.31786
1907,4.60824
4236,5.29365
5406,4.08073
1551,3.46795
214,4.51678
511,5.2498
496,4.49876
3775,4.61604
731,4.88558
3332,4.57865
4028,4.934
975,4.62384
2534,4.29243
2491,4.63299
115,5.31786
2187,4.13265
4976,4.704
950,4.481
1007,4.11785
3737,5.10078
249,4.28517
1515,4.64186
763,4.304
4156,4.32902
2237,4.21496
1964,4.73359
3817,4.63299
146,3.4679500000000005
149,4.32337
2013,3.67965
2627,4.3812
2852,5.249799999999999
5219,4.01509
3317,3.88302
4303,4.21227
1971,4.956059999999999
2874,4.43662
5512,3.899960000000001
4087,4.06809
3827,4.92028
3122,4.934
4047,4.96224
4980,4.41052
4509,3.99035
5455,4.44684
323,4.41052
985,4.758574657534247
1958,4.63299
5662,4.85895
5384,4.16762
2960,4.77852
3994,3.99035
3335,3.82357
755,4.00514
1111,3.87737
4375,4.63756
5253,4.97381
2247,4.50898
3482,4.64186
2694,4.32283
166,4.55336
3849,4.85895
4208,4.13265
2194,4.07185
1566,4.6954
5191,4.02801
4584,4.835596711409396
426,4.50898
1061,4.07777
4318,4.71718
2885,4.481
5351,4.70696
3754,4.05356
624,4.48127
1735,4.72014
5520,4.211838956521739
2248,4.390759223300971
321,3.87737
1772,4.83016
3895,4.5235
1689,3.97501
1955,5.31786
3500,4.47535
4143,3.97959
1614,3.4085
5412,4.73279
5328,4.66123
4949,4.01644
1970,4.57865
3174,4.22222
1790,4.37905
4885,4.96224
329,4.22707
860,4.16762
3988,4.704
1216,4.62384
3014,5.05048
4250,5.29365
4684,4.70696
3472,4.50252
5434,4.29862
979,4.829161111111112
4297,4.481
3465,4.07777
4241,5.01201
1527,4.28947
4913,4.32902
3231,4.6954
4643,4.28517
1205,4.21227
1978,3.87468
1390,4.65654762589928
314,4.58322
5120,4.07777
4184,4.436619999999999
2074,4.73359
2647,4.72014
2760,4.50898
3513,4.00514
4683,4.22707
5125,4.09875
2847,4.67092
1533,4.44684
2085,4.481
5066,3.92041
1876,4.66123
5071,4.96224
2986,4.63299
3966,4.32337
4001,4.788351102941177
154,4.637559999999999
5401,4.47535
1185,3.97501
336,4.48127
5373,4.60824
836,4.08073
733,4.54341
1317,3.89996
927,4.0619
5678,4.28947
1003,3.87468
2133,4.47535
2271,4.13399
1415,5.04133
4637,4.5235
5028,4.44684
5081,5.04133
3848,4.07185
941,5.10078
1520,4.63541
1013,4.06809
3790,4.13641
2829,4.50306
3756,4.63299
4910,4.01509
4481,4.49768
1164,4.55336
2001,4.73359
2064,4.58322
1843,4.50306
5235,3.92041
2009,4.72014
5267,5.10078
2630,4.29243
2492,4.69486
2116,4.62384
3094,4.859548705035971
192,4.21496
5685,4.07185
3269,4.06809
4165,4.06217
2686,4.10467
3252,4.79788
2175,4.904514453781513
1851,4.0619
22,4.13265
1152,4.48127
5375,4.92028
5346,5.0878023529411776
3501,4.32337
1092,4.67092
2688,4.481
641,3.67965
4901,3.4085
4847,4.481
4950,4.29243
795,4.79788
3379,5.04133
164,4.62384
1640,4.50898
2770,5.01201
4530,4.37636
1943,5.04133
4947,4.21496
3492,4.32337
2824,4.43662
5173,4.16762
2837,3.46795
4720,4.32283
5557,5.01201
3471,4.32337
4459,4.09875
5450,4.37905
418,4.63756
2706,4.63541
1233,4.02801
1627,4.32283
5548,4.01509
2323,4.00514
1625,4.21227
4764,4.07185
514,4.01644
4124,5.01201
2468,5.2498
4692,4.289470000000001
635,3.876552592592593
1058,4.73359
5229,5.01201
1320,4.13641
2310,4.32283
1863,4.37636
2957,5.01201
319,4.51678
4175,4.41052
2628,4.218406938775511
2751,5.05048
4104,4.704
5404,5.2498
2927,4.60824
4213,4.86675
2287,4.13399
3798,4.0619
591,3.87817
2782,4.97381
5226,4.96224
2623,3.89996
3995,4.22222
4895,3.89996
2699,5.2498
999,4.72014
408,4.13399
5587,4.13399
5478,3.89996
5505,4.0619
2418,4.0619
5541,4.934
650,3.82357
2918,4.73359
1273,4.15282
2745,4.49876
5151,4.50306
3842,4.70696
375,4.96224
2902,3.93924
3396,5.047802835820896
3386,3.40823
515,3.92041
2523,4.57865
3260,5.2498
2451,4.01509
3870,4.21496
1417,4.6954
4444,5.31786
1913,4.32283
3023,5.2498
2998,4.37905
4812,5.39802
740,4.481
2649,4.481
2329,4.06217
3441,4.13399
295,4.304
4970,5.237827891156463
233,5.39802
2005,4.43662
2379,4.62384
4825,4.57865
1401,3.99035
2933,4.63299
4097,4.92028
2242,4.63756
3670,4.58322
471,3.87468
1948,4.32337
182,4.43662
1936,4.3812
2607,5.29365
1686,4.10467
4088,4.16762
4477,4.704
4532,4.21227
1403,4.50306
5206,4.64186
1382,4.027983057851239
3208,4.50898
3125,4.60824
583,4.13399
4381,4.32337
2107,4.62384
5391,4.07185
2539,4.85895
5472,4.01644
600,3.750973185840708
3476,4.71718
283,3.92041
315,4.63756
5234,3.85934
5305,5.31786
5270,4.83016
1916,4.32337
3576,4.43204
4550,4.02801
3474,4.90387
132,4.50306
2087,4.67092
4117,3.87817
3633,4.54341
5169,4.15524
793,4.32337
1911,4.934
1839,4.58322
2705,4.50252
3187,4.69486
406,4.304
5129,4.43204
3082,4.85895
221,4.43204
4527,4.13641
654,3.89996
2102,4.32337
3655,4.10117
3611,4.13265
4798,4.28517
2043,4.95606
2374,4.72014
4181,4.57865
1110,3.67965
3333,4.95606
2501,4.85895
1941,4.22222
1349,4.47535
598,4.01644
4965,4.47535
4526,4.13399
4257,4.37636
4114,4.22707
1244,4.83016
3459,4.32337
4919,5.39802
4662,4.32283
3283,4.09875
4170,4.77852
3697,4.09875
5413,5.249799999999999
5449,4.934
632,4.32902
1494,5.31786
4802,4.37636
4512,4.57865
2040,4.58322
1309,4.6954
2234,3.4085
92,4.60824
1692,4.212269999999999
491,4.62384
1191,4.01509
1820,4.904703265306122
2252,4.789881621621621
4710,5.10078
366,4.32337
2996,4.63756
775,4.15524
1993,4.50252
3204,4.677597142857144
1311,4.01644
2235,4.49768
2032,4.57865
3225,4.481
1228,4.6954
135,4.95606
3169,4.44684
2156,4.85895
2093,4.48127
4201,4.32337
727,4.47535
2390,4.02801
1565,4.57865
4015,3.97501
5348,4.58322
1824,4.49768
2533,4.32337
4155,4.32283
4988,4.79788
3371,4.481
4392,4.54341
2150,4.69486
4012,4.13399
4849,4.67092
4759,3.97959
1951,5.39802
3323,4.50898
1149,4.70696
4472,4.62384
5080,4.96224
1786,4.28947
4762,4.70696
4552,4.32337
2021,4.73359
1483,4.67092
4677,3.4679500000000005
3606,4.32902
1856,4.13641
3762,4.88558
3618,4.379049999999999
4790,3.92041
3292,3.89996
1682,4.55336
2405,4.49768
2173,4.66123
5199,4.21496
2018,5.04133
5327,4.5001
396,4.6954
4358,4.934000000000001
1999,4.97381
2994,4.43204
1488,4.83016
4188,4.13399
5189,3.99035
5544,4.32902
4186,3.89996
561,4.60824
1972,4.01644
2208,4.09875
2434,4.32337
3996,4.13641
2637,3.408361811023622
32,4.60824
104,3.679650000000001
3374,4.32337
3580,4.11785
5286,4.481
3040,4.62384
5105,4.63756
4863,4.54341
4601,4.62384
4761,4.22707
5539,4.58322
2548,4.13265
1965,4.481
1067,3.87817
213,4.06809
3917,4.58322
271,4.15524
1753,4.304
1678,4.06809
273,4.72014
2118,4.71718
1512,4.55336
3267,4.6954
2911,4.63541
2496,4.83016
3999,4.54341
3177,4.32337
4461,3.97959
4382,4.73279
4839,5.04133
3854,4.481
585,4.11785
1628,4.32902
2255,4.05356
4657,4.86675
2207,4.28517
1338,4.70696
4311,4.66123
883,5.31786
1210,4.06217
4517,3.40823
620,4.22707
4545,4.298619999999999
5552,4.43204
520,4.63541
1127,4.21227
2325,4.01509
2664,4.77852
2771,4.71718
5647,4.02801
3784,3.40823
2931,4.50252
882,5.29365
1051,4.41052
5646,4.41052
2672,4.13399
3955,4.44684
2683,4.49876
3698,4.29862
171,4.60824
3911,4.21227
1879,3.97501
1648,4.44684
1583,3.99035
3815,4.50252
5070,5.39802
4633,4.13399
3175,4.5001
30,4.48127
1000,3.40823
2955,4.83016
4925,4.37636
2562,4.48127
1400,4.02801
3622,4.48127
1635,5.249799999999999
518,3.8623
5222,5.39802
4544,4.09875
4801,3.97501
289,4.79788
4334,4.32283
586,3.9750100000000006
4020,3.40823
1591,3.87817
3743,4.88558
3002,4.5235
117,4.83016
1353,4.704
52,5.2498
5141,3.40823
4417,4.21227
4263,4.49768
943,4.96224
2966,4.62384
163,4.481
1924,4.22222
1129,3.87817
4079,4.28517
3486,4.28947
4279,4.15282
4598,5.050479999999999
930,4.05356
3889,4.72014
3887,4.90387
5220,3.87817
4501,4.86675
629,4.934
3674,4.48127
4693,4.02801
4266,4.63756
2929,4.10117
1118,4.49768
3126,5.10078
5243,4.92028
4986,4.71718
5350,4.934
5431,3.46795
4649,3.87817
3301,4.83016
356,5.39802
832,4.41052
3185,4.32337
5487,4.54341
218,4.13641
141,3.67965
2969,4.3812
2285,3.89996
3604,4.37905
5336,4.15282
1259,4.43204
729,4.97381
4775,4.49876
4704,4.88558
1538,4.304
4641,4.47535
4194,4.05356
3705,4.48127
1131,4.10467
781,3.87817
4510,4.22222
3254,4.37905
1026,4.05356
2516,5.20747376146789
243,4.10467
2341,4.06217
3938,4.92028
3331,4.6954
500,4.57865
4815,4.97381
4233,4.95606
4455,4.43662
777,4.77852
4126,4.92028
1804,4.73279
144,4.16762
3188,4.61604
1287,4.6954
4804,4.41052
5197,3.85934
5369,4.02801
4607,3.87737
5187,4.41052
3401,4.49876
3180,4.5235
4442,3.8830200000000006
5249,5.100780000000001
3071,4.79788
656,4.13399
2508,4.13265
1005,3.93924
2636,4.616039999999999
436,3.40823
394,4.304
3867,4.49876
4870,4.96224
2767,4.22222
2101,4.47535
1001,4.07777
1592,4.0619
301,4.79788
1029,4.09875
2949,4.577758723404255
2236,3.92041
3394,4.61604
2183,4.44684
2731,4.29862
380,4.32337
5665,4.63299
3680,4.37905
4141,4.09875
1277,4.32902
2669,4.51678
4030,4.32283
3209,4.3812
3832,4.43662
2867,5.01201
3237,4.55336
2909,4.06809
23,3.93924
2759,4.64186
3306,3.4085
2887,5.01201
4426,4.28517
888,4.07777
5549,4.07185
4476,4.85895
2030,5.29365
1691,4.00514
623,4.07185
245,4.379049999999999
1037,4.0619
2267,4.6954
4317,4.67092
5036,4.92028
818,4.71718
3375,4.60824
1040,3.93924
2641,4.29243
385,4.92028
809,4.41052
4500,4.55336
884,4.13399
4564,4.10117
3096,4.71718
8,4.73359
4029,4.37905
3948,4.43662
2915,4.60824
4908,4.529618301886792
3673,4.07185
2775,4.05356
4658,4.77852
1973,4.08073
2449,4.3812
2890,4.44684
4671,4.21496
2789,4.86675
2377,4.57865
5329,4.57865
2565,4.07185
5262,4.02801
4026,4.09875
3216,4.6954
5537,4.49768
2928,4.21496
693,3.92041
4437,3.87468
4888,4.29862
2754,4.62384
920,4.15524
4529,3.97501
1519,4.50252
4754,4.58322
1694,3.87817
205,4.97381
186,4.304
3218,5.10078
2433,4.6954
1430,4.32283
1245,4.90387
3581,3.97501
3886,4.83016
1653,4.61604
175,4.481
1967,4.67092
2714,3.40823
3776,4.60824
5057,4.01509
5454,4.79788
3502,4.73279
3645,3.87817
4549,4.28947
1900,4.77852
4238,4.88558
1082,5.04133
1727,4.32902
3699,3.97959
5447,4.01509
4521,3.4085
1715,4.5001
588,4.00514
4679,4.09875
840,4.51678
1818,4.60824
3591,4.50252
3369,5.31786
3980,4.63299
4157,4.47535
3992,4.41052
2618,4.13641
3013,4.10467
5343,4.50252
2673,4.13641
3143,4.00514
4453,4.79788
3978,4.50252
4714,4.61604
4173,4.3812
3908,4.66123
3456,4.86675
1088,5.31786
173,5.31786
499,4.6954
1707,4.0619
3723,4.934
703,4.01509
2888,4.71718
2010,4.66123
1994,4.63541
4295,4.63299
2773,4.43662
1254,4.29862
1778,4.268948356164383
2823,4.44684
121,4.92028
2490,4.06809
4255,5.01201
4354,4.49768
552,4.21227
344,4.481
2315,5.2498
615,4.29862
1504,4.77852
2440,3.88302
3081,4.92028
4555,3.87817
3196,5.04133
1847,4.00514
1680,4.62384
2942,4.58322
4119,4.10467
3740,5.04133
4098,4.32337
1939,4.02801
1947,4.02801
4202,4.73279
2617,4.13399
4471,4.83016
4918,5.10078
901,4.16762
4055,4.67092
3873,5.29365
1180,4.85895
1815,4.63299
1355,4.44684
3330,4.50306
5196,4.57865
5095,4.05356
1768,5.04133
2422,4.07777
2834,4.6954
2791,4.15524
571,4.96224
4629,4.06809
3226,4.62384
621,4.70696
3883,5.29365
3758,4.962240000000001
5468,4.90387
2261,4.15524
3091,4.3812
2619,3.82357
1667,4.63756
4452,4.704
4685,4.44684
2127,4.92028
1004,3.46795
2246,4.64186
815,4.481
5182,4.63756
1954,5.29365
42,3.82357
486,4.63541
5161,4.67092
3763,4.00514
341,4.5235
62,3.87468
1890,4.63756
657,4.13641
4770,3.87737
5132,4.934
383,4.67092
4927,4.21227
1927,4.32337
1944,4.62384
2143,3.92041
675,4.920280000000001
1456,4.54341
1190,4.13265
1581,4.28947
5634,5.05048
590,4.01509
3289,4.01644
2602,4.44684
1288,4.57865
2711,3.93924
3298,4.54341
3566,4.15282
3709,5.2498
2279,4.07185
1873,3.87737
4599,4.73359
4666,4.95606
504,4.934
851,3.8623
2024,4.67092
4195,4.15282
4357,4.63756
4427,4.09875
3402,4.07185
4180,4.6954
2991,4.07185
222,4.58322
4615,4.50306
2385,4.88558
37,4.62384
3314,3.87817
4460,4.29862
4022,4.16762
5362,4.11785
4667,4.15524
5479,3.87737
5288,4.67092
1055,4.60824
1016,4.5001
2755,4.67092
3070,4.92028
2121,4.704
4823,4.32902
5099,4.21496
4959,4.48127
2356,4.58322
239,4.21227
5354,4.0619
3890,4.00514
4092,4.09875
4845,5.05048
937,4.47535
1201,4.481
3809,4.79788
1896,4.62384
5363,3.9750100000000006
3959,4.05356
3684,3.8623
4999,4.37905
717,3.87468
3211,4.41052
5503,4.49876
4061,4.44684
4258,4.00514
3186,4.72014
2558,4.22707
2231,4.15524
908,4.22707
3783,3.679650000000001
5047,4.05356
5497,4.69486
636,3.46795
5474,3.82357
628,4.63756
4466,4.96224
5247,4.73279
743,4.55336
140,3.8830200000000006
281,4.5235
4091,4.28517
4595,4.50252
1558,3.85934
5643,4.79788
918,4.32337
607,4.304
4931,4.64053
5106,4.11785
5186,4.43662
4187,3.87737
5153,4.57865
3263,4.79788
3643,4.489596212121213
5671,4.73359
5514,5.04133
4826,5.01201
2111,4.21496
2488,4.3812
5246,4.79788
437,4.69486
5007,5.10078
981,4.50898
1050,4.43662
987,4.62384
309,4.49876
1101,3.89996
2161,4.08073
1182,4.79788
4385,5.39802
671,5.04133
5596,4.16762
1298,4.5235
3117,4.48127
1487,4.64186
2712,3.8830200000000006
2813,4.63299
885,4.09875
5542,4.37905
368,4.900615918367347
4879,4.16762
2977,4.07185
512,5.10078
122,4.85895
3795,4.70696
4204,5.10078
4623,4.50252
3411,4.32337
4717,4.62384
4707,4.57865
5398,4.37905
1096,4.08073
5499,4.60824
1093,4.55336
2811,3.87468
2081,4.60824
3115,4.49876
56,5.04133
370,4.64186
1044,4.83016
3769,4.58322
625,4.49768
806,4.79788
1593,4.10467
4278,4.05356
4458,4.28517
1439,4.499191986754966
5113,4.51678
2525,4.64186
2419,4.10467
1742,3.46795
3880,5.39802
797,4.43662
1663,4.48127
3913,3.87817
1674,4.01644
4708,4.72014
5400,4.32902
3119,4.43204
1997,4.61604
2017,4.47535
3847,4.01509
1793,4.47535
856,4.61604
2526,4.32283
3032,5.10078
1710,4.05356
4760,4.54341
2084,4.73359
1918,5.05048
4335,4.32902
5312,4.72014
2473,4.15282
3551,5.01201
3061,4.49768
4636,4.15282
291,4.43662
1257,4.48127
5231,4.73279
5607,4.32337
5546,4.00514
2176,4.60824
3565,4.05356
1326,4.10467
1501,5.01201
1775,4.11785
461,4.97381
4230,4.50306
5015,4.50898
1080,5.398020000000001
4199,4.21496
1022,3.87817
3405,4.43204
798,4.28947
3956,4.15524
1113,4.13641
1466,4.43662
4625,4.01644
1792,4.32902
371,4.50252
5494,4.50252
303,4.15524
31,4.49768
1448,4.0619
4497,4.70759875
3100,4.11785
3714,4.90387
4095,4.304
349,4.69486
3149,4.06217
193,4.73279
449,4.61604
1258,4.49768
299,4.77852
2718,4.70546
5543,4.32283
3546,4.304
622,4.49876
1835,4.69486
2956,4.90387
748,4.86675
4265,4.58322
1418,4.15282
2733,4.54341
1931,4.6954
2182,4.13265
3696,4.28517
1083,4.63299
2020,5.05048
900,4.07777
2513,4.13399
3005,4.32902
3741,5.29365
1833,4.57865
1639,5.04133
946,4.07777
1732,4.50306
2680,4.71718
3089,4.6826209756097565
5438,4.60824
3053,4.90387
2629,4.41052
5257,5.39802
986,4.481
4355,4.43204
20,4.57865
2147,4.50252
373,4.63299
195,5.10078
705,4.0619
2552,3.46795
4387,5.04133
4103,4.85895
647,4.32902
4070,4.44684
199,4.72014
3399,4.22707
3505,4.16762
2103,4.97381
788,4.29243
2294,4.86675
2395,4.71718
2463,4.32283
5538,4.43204
1156,4.63756
1637,5.39802
4133,3.88302
523,4.61604
720,5.10078
541,4.10117
3899,4.06809
737,4.07185
1293,3.85934
1386,4.49876
5586,3.87737
4414,4.86675
3075,4.92028
4540,4.15524
4767,4.43204
702,4.21227
857,4.60824
1099,4.06809
5006,5.2498
880,4.96224
2531,4.63541
153,4.58322
5492,4.29243
5396,4.63756
4451,4.85895
5521,3.92041
5653,4.58322
430,4.58322
5606,4.66123
400,4.55336
5121,4.16762
3312,3.4085
553,4.01509
1584,4.22222
609,4.15524
1178,4.72014
2600,4.704
3541,4.11785
5453,4.29243
691,4.934
4674,4.07777
5255,4.88558
3262,4.704
3654,4.21496
5576,4.28947
3139,3.87817
5582,3.4085
1871,4.05356
2806,3.88302
2357,4.32337
4365,4.85895
1272,4.05356
3781,4.90387
4101,4.6625733333333335
1666,4.58322
1153,4.49768
1823,4.00514
2003,4.79788
889,4.51678
4535,4.02801
4479,4.3812
305,3.97959
3183,4.5001
704,3.87817
2324,4.21227
2634,5.10078
5621,4.41052
3770,4.63756
4137,4.16762
812,4.304
2804,4.95606
5230,4.32337
762,4.13265
4722,4.97381
2599,4.85895
2840,4.61604
5673,4.8086598
5459,4.92028
1059,4.83016
549,4.48127
1038,4.10467
3852,4.44684
5300,5.10078
3421,4.5001
907,4.54341
442,4.15524
3534,3.97501
3489,4.22222
4000,5.05048
1446,4.01509
4803,4.00514
4977,4.79788
5311,4.32337
2527,4.32902
833,4.292430000000001
5067,4.11785
4267,4.934
3123,4.37905
1842,3.97959
3282,4.28517
5385,4.15524
138,4.686935871559633
3145,4.01509
1104,3.82357
2713,3.67965
2583,4.50252
464,4.481
2191,4.22707
3448,4.92028
2495,5.29365
1669,4.88558
4224,4.3812
5133,4.37905
4154,4.37905
5367,4.49876
854,4.63299
2343,4.15282
482,4.92028
5124,4.13399
1021,4.01509
1041,3.88302
5635,4.73359
263,4.15524
3651,4.5235
251,4.29862
4850,4.71718
1849,4.01509
3661,3.99035
1662,4.07185
2930,3.8623
1054,4.304
5281,4.50898
5023,4.79788
4054,4.481
267,4.934
3318,3.67965
1276,4.32283
4036,4.28947
3,3.4085
352,4.97381
3147,4.0619
2845,4.481
906,3.97959
3488,3.99035
4811,4.95606
5473,4.08073
4800,4.11785
5283,4.15524
3510,4.11785
5486,3.97501
5672,4.481
4220,4.02801
2154,4.66123
2839,4.63756
3918,4.63756
2063,4.43204
2441,3.679650000000001
4896,3.87737
1094,4.86675
4822,4.32283
2363,4.301865346534655
268,4.37905
1431,4.13399
3926,4.5235
5027,4.79788
2007,4.661230000000001
5042,4.01509
317,3.4085
3888,4.32337
3087,4.22222
1977,4.4558527516778526
1781,4.62384
2666,4.50898
3704,4.07185
1486,4.77852
4713,4.95606
3142,4.37636
2059,4.01509
2278,4.49876
2500,4.92028
555,4.48127
5510,4.06809
3667,4.48127
5289,4.55336
4018,4.21227
4228,3.99035
2326,3.87817
2816,5.04133
3285,3.97959
1780,4.83016
5638,5.01201
3514,4.61604
3152,4.854180555555557
1985,4.6954
5331,4.67092
3424,4.63541
3287,4.09875
564,4.88558
4415,4.77852
3640,3.97501
3621,4.07185
3326,4.28947
1730,4.72014
4844,4.97381
953,4.55336
265,4.58322
5009,4.37636
308,4.70696
3791,4.11785
1884,5.31786
1211,4.05356
2075,4.77852
5245,4.704
4301,4.37636
5424,4.934
931,4.15282
3238,4.44684
4569,5.31786
4099,4.62384
2119,4.92028
4739,4.50306
5623,5.05048
4346,4.66123
5488,4.50898
5240,4.63541
5425,4.37905
2136,4.43662
1270,4.32902
4397,4.22222
3080,4.55336
3195,4.96224
5178,4.13641
2653,4.86675
4665,3.8655242657342654
3909,4.32337
694,4.314377162162162
4218,4.15524
1578,4.50898
1045,4.90387
2353,4.48127
327,3.97959
1011,4.10467
1217,5.01201
3011,3.87817
2567,4.51678
2446,3.4679500000000005
5627,4.60824
1532,4.651730588235294
5128,4.49768
19,4.6954
1472,4.10117
3822,4.49876
2049,4.58322
2774,4.06217
3316,3.93924
940,5.2498
1671,4.37905
1193,4.0619
578,4.28947
4085,3.82357
2693,4.13265
4791,4.21496
4185,4.28947
200,4.63541
4589,4.5235
4293,4.50252
709,4.63756
3517,5.31786
1372,4.77852
1209,4.10467
5504,4.07185
1264,3.88302
2097,4.51678
1299,4.6954
5089,4.70696
429,4.43204
3877,4.73279
544,4.63541
3663,4.5001
1922,4.90387
4345,4.5001
2410,4.77852
1089,4.88558
4546,3.97959
174,4.73359
4448,5.01201
378,5.05048
4860,3.87817
3048,4.43662
4956,4.70696
4938,4.47535
456,4.63541
4370,4.41052
3557,4.3812
290,4.44684
3431,4.49876
540,4.21496
3593,4.63299
2670,3.89996
1440,4.72014
3380,5.29365
2217,4.07185
49,3.93924
3508,4.13399
5083,5.31786
87,3.783788285714286
1670,4.934
4951,3.99035
2008,4.53921650406504
3627,4.5235
3930,4.47535
2724,4.60824
229,4.32337
1429,4.37905
4852,4.346938181818182
983,4.97381
455,4.50252
2044,4.88558
4416,4.07185
5183,4.934
3969,4.15524
1360,3.87817
2982,4.95606
741,4.62384
4254,4.90387
1848,4.21227
3083,4.704000000000001
1758,3.4082300000000005
1560,4.29243
90,4.69486
4882,4.28517
3947,4.44684
700,4.02801
5659,4.47535
5001,4.32283
1117,4.48127
1902,4.86675
1559,4.32283
2268,4.43204
3103,4.11785
3990,4.44684
3440,3.87737
311,4.48127
462,5.05048
3805,4.88558
3390,3.46795
4077,4.727466708074534
4496,4.67092
1090,4.83016
2615,3.87468
4878,4.92028
4294,5.2498
3167,4.63299
692,3.905683566878981
2424,3.87468
5040,4.422014615384616
3761,5.31786
5049,4.5235
3447,4.71718
4219,4.28947
1761,3.87468
472,3.46795
1350,4.32337
2882,4.43662
1398,5.31786
483,4.22222
2195,4.48127
3227,5.01201
1513,4.86675
4150,4.37905
4920,4.96224
1340,4.07185
3293,3.87737
3337,4.06809
107,5.39802
2145,4.10117
2241,4.946135977011494
1703,4.00514
2819,4.399139545454545
2827,4.13265
3072,4.44684
4603,4.28947
4575,4.5235
4808,4.50306
2314,4.732789999999999
846,4.55336
3432,4.07185
3507,3.87737
2595,4.90387
2123,4.44684
2661,4.67092
3540,4.22222
3141,4.10467
1647,4.79788
4050,4.608240000000001
3719,3.46795
576,3.87737
960,4.00514
875,4.304
2952,4.5235
1981,5.05048
1612,4.08073
2532,4.66123
330,3.97959
843,4.83016
2319,4.01509
3178,4.72014
5026,4.663232993630574
2781,4.60824
1869,4.10467
3682,4.21496
872,4.41052
4627,3.82357
2113,5.05048
5316,3.67965
5529,4.15282
5122,3.87468
4783,4.0619
904,4.09875
3286,4.28517
5192,3.99035
1510,4.62384
5383,4.07777
701,4.13641
3469,4.21496
131,4.304
3034,4.61604
5277,4.22707
2225,3.40823
4796,3.87468
3687,4.72014
2330,4.50898
5403,4.73279
4721,4.32902
440,4.797879999999999
2568,3.899960000000001
1963,5.05048
4439,4.28517
5341,4.10117
2741,4.15524
4465,5.39802
1492,3.92041
2765,4.29243
5157,4.50306
1115,3.92041
4772,4.13641
3495,4.48127
5540,4.63756
3572,4.01509
3077,4.481
2086,4.62384
487,4.63299
1745,4.29862
4565,5.39802
747,4.55336
1455,3.97959
4709,4.32902
3578,4.13399
1019,4.00514
5184,4.37905
5445,4.71718
3485,4.15524
231,5.2498
5065,4.28947
2785,4.481
2850,4.10467
3190,4.97381
1921,4.83016
3865,4.43204
3004,4.32283
610,4.28947
5320,5.05048
582,4.500728672566372
2772,4.92028
4948,4.10117
79,3.4085
5082,5.29365
1292,4.10117
4130,4.66123
2022,4.481
3439,3.899960000000001
3426,4.69486
2502,4.704
2409,4.96224
1984,4.50306
3155,4.62185700729927
2115,4.481
3135,4.37636
1109,3.8830200000000006
3794,4.22707
2984,4.10467
1183,4.44684
1361,4.0619
5419,4.48127
2752,4.73359
1318,3.87737
2570,4.37905
1805,5.2498
2391,3.99035
1222,4.43204
2316,5.10078
1656,5.05048
4350,4.70696
5322,4.481
5603,4.54341
5269,4.73359
2439,3.93924
4716,4.481
3742,5.31786
559,4.63756
470,4.16762
964,3.40823
3202,5.31786
3321,4.01509
2088,4.01644
1706,3.87817
2497,4.90387
4198,3.92041
2553,4.28517
4810,4.29243
206,5.05048
774,4.3812
384,4.71718
4021,4.07777
2485,4.85895
2383,5.29365
1541,4.57865
3521,3.87737
847,4.86675
1416,4.50306
407,3.87737
1458,4.50252
3608,4.6954
381,4.72014
3144,4.21227
279,4.44684
5323,4.62384
2580,5.31786
3370,4.834569657534247
1374,3.93924
5107,4.637560000000001
3764,4.49876
1250,4.704
4089,3.874680000000001
1252,4.44684
61,4.757854357142857
3154,3.8623
2569,4.934
2153,4.5001
3247,4.10467
1256,4.07185
4290,4.95606
2696,4.47535
5364,4.37636
4676,3.874680000000001
4373,4.304
4146,4.02801
2722,4.69486
194,5.2498
357,4.96224
4648,4.01509
5663,4.50252
1632,4.63541
4408,4.13399
4583,5.31786
2883,4.41052
3615,4.58322
4571,4.83016
3095,5.01201
1747,4.22222
2338,3.87817
5515,5.29365
3623,4.36151905511811
5516,5.01201
3986,4.51678
228,4.47535
638,4.09875
5254,5.31786
3163,4.49768
1491,4.79788
3823,4.07185
5433,4.09875
1711,4.28947
2939,4.304
3413,5.39802
4639,4.32283
1323,4.01509
5273,3.93924
2793,4.29243
3973,3.85934
5597,3.87468
1078,5.2498
1048,4.92028
4997,4.63756
2920,4.48127
5476,4.06809
4231,4.6954
178,4.55336
3662,4.22222
4967,4.73279
162,4.73359
2671,3.87737
2556,3.97959
2677,4.83016
65,4.09875
4697,4.57865
4083,4.01644
5477,4.51678
1755,4.66123
2797,3.87737
825,4.50306
4060,4.50898
3524,4.29862
1633,5.100780000000001
2415,4.28947
966,4.16762
1959,4.69486
209,4.62384
3998,3.97501
4725,4.481
3499,4.32902
5147,4.0619
1952,4.96224
2749,4.43204
2812,3.46795
3266,4.50306
2860,4.83016
5528,4.05356
454,3.8623
4994,3.4085
4333,3.87817
4404,4.63541
3931,4.09875
1547,4.86675
2684,3.87817
4163,4.0619
421,4.67092
5592,3.8830200000000006
1296,4.05356
1657,4.73359
5014,4.64186
4043,4.73279
695,4.47535
4973,4.71718
2159,4.598276363636364
4543,4.28517
4140,4.28517
663,4.15282
2053,3.92041
2054,4.21496
2932,4.63541
2019,5.29365
93,4.62384
5299,5.2498
4407,4.96224
1370,4.55336
3198,5.28139909090909
5358,4.49768
3797,4.07185
1915,4.47535
2762,4.44684
3862,4.72014
5150,4.05356
4424,3.874680000000001
3612,4.304
5179,4.11785
2224,4.13641
5272,5.05048
350,4.61604
5578,3.99035
4506,4.15524
3792,3.97501
5594,3.40823
530,3.89996
1576,4.6954
3595,4.61604
2560,4.49876
1268,4.37905
2877,4.83016
787,4.41052
895,3.97501
2734,5.10078
4246,4.50898
5265,4.73279
2805,3.93924
3027,3.82357
4559,4.29243
599,4.08073
3879,5.10078
688,4.32337
917,4.66123
2245,4.778520000000001
4834,4.28947
5116,4.13399
3461,4.05356
2989,4.70696
502,4.58322
1798,4.69486
5457,4.28947
3975,4.21496
761,4.29243
2233,3.82357
5636,4.481
2342,4.05356
4418,3.93924
3304,4.08073
3444,3.97501
2249,4.50252
4336,4.47535
4534,4.41052
2266,4.50306
99,4.57865
4353,4.48127
630,4.37905
1693,4.01509
2979,4.5001
1068,4.0619
1743,4.28517
3950,4.29243
3946,4.704
4082,4.498759999999999
2971,4.73359
714,3.40823
5527,4.06217
4243,4.92028
3191,5.133664888888889
3102,3.88302
838,3.4085
1721,4.43662
4402,3.8623
3248,4.06217
3366,4.61604
5534,4.481
1734,4.32337
5263,3.99035
4066,4.92028
2591,5.29365
1423,4.10117
2396,4.897501276595745
331,4.54341
5443,4.668808321167884
2120,4.85895
773,4.63299
4235,5.04133
1091,4.62384
134,4.57865
238,4.00514
5577,4.02801
2598,4.92028
4153,4.934
574,5.221877435897436
5091,3.87817
2980,4.66123
1806,5.10078
4983,4.83016
725,4.43204
4177,4.13265
772,4.63541
5422,4.58322
3549,4.57865
5536,4.48127
46,3.89996
1925,4.5001
3062,4.64186
5145,4.01509
2582,4.32337
2367,3.88302
4446,4.83016
59,4.88558
668,4.10117
6,3.89996
2876,4.29243
339,4.348205298013244
3179,4.15282
3407,3.85934
4007,4.6954
3425,4.63299
2725,4.97381
5239,4.50252
2908,3.4085
3785,4.07777
5588,4.13641
1154,4.43204
5218,4.21227
3882,5.04133
2934,4.69486
2975,4.70696
2222,3.87737
3212,4.02801
3230,4.50306
3222,5.29365
2515,5.29365
1767,4.96224
2794,4.06809
459,4.61604
332,4.22707
3915,4.49768
516,4.21496
1100,4.51678
4422,4.07777
5484,4.09875
3914,4.48127
1331,3.85934
4563,5.2498
12,4.55336
5498,4.96224
4271,4.47535
3377,5.39802
718,3.46795
4703,5.31786
1830,4.60824
1895,4.481
977,4.55336
3052,4.72014
2037,4.48127
5022,4.704
1987,4.95606
2912,4.63299
203,4.61604
5374,4.71718
1514,4.77852
2690,3.97501
536,4.54341
3107,4.21227
1702,4.28517
1342,4.49768
2177,4.973809999999999
2157,4.77852
3350,4.364544193548387
2738,4.63299
5280,4.07185
412,4.37636
5292,4.95606
3438,4.64186
1046,5.01201
5395,4.58322
2179,4.43662
136,4.22222
5114,3.89996
4732,4.32902
1402,4.22222
3569,4.32283
1219,4.07185
4040,4.5001
4513,4.95606
3454,5.01201
1676,3.82357
4902,4.06809
1704,4.21227
1760,4.16762
3400,4.70696
2289,4.73359
67,4.57865
566,4.90387
4384,5.10078
5657,4.32283
5029,4.43662
1215,4.83016
2898,4.43662
1904,4.63299
4690,4.44684
2042,4.57865
1408,4.73279
1744,4.09875
842,4.88558
5020,4.06809
4624,4.63541
3967,4.73279
4310,4.5001
1859,4.54341
3457,4.07185
438,4.61604
2307,4.63756
3833,4.41052
3490,4.5001
4962,4.58322
3752,4.95606
2393,4.50121296
1364,5.29365
664,4.5235
5394,4.43204
2886,4.62384
1102,3.87737
3418,4.51678
2800,4.11785
1695,4.48127
3299,4.22707
4897,4.13399
2229,3.8623
850,4.50898
3055,4.37636
3979,4.63541
4596,4.63541
3766,4.48127
1200,4.88558
2027,4.77852
1539,4.50306
4613,4.13265
5669,5.29365
1478,5.29365
3726,4.32902
1171,4.49768
1266,3.40823
3398,4.54341
5558,4.65779525
4955,4.22707
2401,3.88302
1714,4.22222
1498,4.43204
4591,3.92041
1378,4.49768
2914,4.61604
4687,4.85895
4129,4.5001
735,4.70696
992,4.50306
1827,4.63756
5513,4.96224
2535,4.13265
3086,3.99035
4816,5.05048
3881,4.96224
958,3.97501
3261,5.10078
3774,5.39802
5551,4.49768
989,4.55336
4638,3.85934
4525,3.87737
2355,4.43204
4225,4.15524
1443,4.44684
1246,5.01201
2212,3.97959
3228,4.71718
3410,4.10117
1683,4.86675
3531,4.843786967213115
4917,5.2498
1615,4.06809
2149,4.63299
2077,4.63541
1165,4.86675
3932,4.29862
4221,3.99035
4905,3.97959
74,4.16762
4743,4.13641
2317,4.69486
460,4.60824
403,4.64186
5688,4.29243
4259,4.70696
2945,4.837265298013245
5667,4.61604
1700,4.429736666666667
5330,4.72014
252,3.97959
2796,3.89996
956,4.13641
1367,4.83016
652,4.06809
4799,4.13641
3232,4.01644
4011,3.87737
2436,3.93924
3657,4.41052
4045,5.10078
2625,4.10117
1457,4.09875
3151,4.15282
4215,4.64186
5467,4.83016
2663,4.86675
1746,3.99035
1375,3.88302
4954,4.54341
3944,4.92028
2529,3.8623
3206,4.95606
4587,4.05356
5227,4.60824
415,4.01509
1500,4.63756
699,4.704
3019,4.29243
1725,4.37905
3300,4.70696
1010,4.0619
3968,4.3812
4203,5.2498
5614,4.15524
495,4.70696
972,4.481269999999999
1589,4.21227
3416,3.97959
738,5.05048
3140,4.0619
1142,4.83016
5293,4.60824
351,4.60824
5495,4.63541
3665,4.32337
1363,4.06217
1989,4.57865
1651,4.63299
503,4.63756
4115,4.70696
326,3.87468
4151,4.32283
2620,3.4085
5198,3.92041
3544,4.00514
4660,4.934
1880,4.37636
29,3.87737
3277,4.70696
3434,3.46795
4574,4.43204
3079,4.67092
1330,4.5235
5310,4.02801
3388,4.16762
3771,4.73279
1598,4.49768
5337,4.5235
924,4.21227
5033,4.90387
318,4.06809
4162,3.87817
1717,4.07777
2427,4.22707
2612,4.63756
991,4.6954
3363,4.63541
3392,4.63299
113,5.04133
5444,5.01201
4702,5.29365
910,4.49876
3542,3.97501
4547,4.3812
2727,4.73359
4080,4.09875
3853,4.15524
77,4.259523392857143
4292,4.32337
1188,4.85895
272,4.28947
1240,4.08073
4728,4.71718
957,4.11785
2281,4.688354639175258
4865,3.5550606382978724
392,4.29243
44,4.06809
3303,4.01644
262,4.49768
2487,4.79788
4751,4.48127
914,4.43204
4821,4.55336
5303,5.04133
5359,4.49768
3134,3.97501
3548,4.6954
4855,3.97501
4245,4.682474379084968
4121,4.88558
706,4.10467
424,4.77852
3276,4.22707
3172,4.29243
3008,4.22707
3221,5.04133
2348,4.55336
3916,4.43204
1788,4.63756
5166,4.72014
4468,5.29365
3112,4.43204
43,3.4085
2936,4.64186
819,4.92028
3259,4.73279
5019,3.4085
5041,4.15524
1069,4.10467
411,3.97501
3577,3.87737
5353,3.87817
1236,4.96224
545,4.835367234042553
1754,4.5001
1399,4.803553650793651
3234,3.785751605839416
1033,4.22707
1701,4.95606
1897,4.67092
3012,4.0619
4331,4.270865
5642,4.704
1679,4.32337
2332,4.72014
4090,3.46795
1867,3.87817
3826,4.71718
5287,4.62384
2963,4.3812
2196,4.49768
2184,4.43662
804,4.77852
3116,4.07185
4289,4.57865
4176,4.29243
5332,4.55336
4832,4.3812
1726,4.32283
3584,4.21227
191,4.32283
2736,4.50252
1502,4.55336
2368,3.67965
1158,5.39802
5271,4.804439057971015
526,5.05048
1305,4.29243
129,4.29243
9,4.481
2947,4.90387
935,4.32283
2269,4.58322
3894,4.15282
5237,4.10117
899,3.4085
1524,4.79788
5559,4.86675
4632,3.87737
2437,3.88302
2808,3.4082300000000005
5335,4.05356
4309,4.70696
2974,4.22707
3311,3.8235700000000006
2658,4.73359
1603,4.37905
3215,4.50306
4558,4.41052
3738,5.39802
4828,4.86675
2094,4.49768
3255,4.32283
2985,4.06217
2988,4.61604
2050,4.63756
3748,4.15282
91,4.61604
1208,4.0619
2089,4.08073
286,4.67092
1084,4.69486
3038,4.88558
3892,4.01509
936,4.21496
2364,3.92041
2152,4.60824
570,5.39802
948,3.87468
3799,4.10467
952,4.67092
1616,4.51678
1436,4.304
1575,4.50306
4909,4.49876
2112,4.10117
881,5.04133
1232,4.28947
4270,4.304099327731092
710,4.934
5402,4.32337
1509,5.04133
3694,4.6954
3579,4.13641
5368,4.64186
2311,4.32902
2875,4.41052
4890,4.49768
2479,4.50898
4694,4.304
2862,3.40823
4588,4.15282
1437,4.50306
3527,4.22707
47,3.4679500000000005
1634,4.73279
2384,5.31786
4585,4.83016
374,4.69486
921,4.41052
5347,4.43204
1543,4.481
3050,4.6954
4906,4.54341
4659,4.64186
5381,3.67965
4377,4.37905
1654,4.60824
1998,4.60824
2540,4.704000000000001
5632,4.62384
759,4.43662
4992,4.29243
2041,4.63756
3875,4.47535
4348,3.92041
5137,4.10117
5252,4.60824
4071,4.43662
2925,4.69486
3451,4.50306
88,4.272759701492538
3389,3.87468
2328,4.10467
2361,4.15282
5261,5.31786
569,5.10078
1300,4.57865
1030,4.29862
4566,4.96224
2454,4.32902
1750,4.32337
2536,4.304
4367,4.79788
111,5.31786
2443,4.07777
1962,4.97381
2809,4.07777
849,4.64186
2854,5.39802
3113,4.22707
4784,4.10467
1517,3.87737
3025,4.95606
5084,4.88558
2359,4.06217
5461,5.39802
5324,4.02801
807,4.44684
2344,4.5235
2787,4.67092
4969,5.29365
2430,4.13265
5572,4.64186
719,5.2498
490,4.69486
3219,5.39802
557,4.43204
2723,4.61604
1645,4.85895
2140,4.55336
1285,4.304
2403,4.49876
5241,4.732395375
2897,4.44684
169,4.64186
3927,3.85934
5525,4.86675
1892,3.85934
3710,5.10078
1218,4.559058086956521
2601,4.79788
4189,4.13641
1511,4.67092
5180,3.9750100000000006
474,4.09875
855,4.69486
2413,4.3812
4286,4.304
5550,4.48127
1192,3.87817
296,4.50306
5693,4.32337
1976,4.06809
1121,4.63756
212,3.4085
181,4.13265
2031,5.31786
4192,4.4847167567567565
4750,4.07185
1857,4.11785
572,5.04133
3250,4.15282
5496,4.63299
1899,4.86675
3561,4.61604
666,3.92041
3460,4.545413431372549
3063,4.50898
596,3.88302
4936,4.71718
473,4.28517
4145,4.28947
3378,4.96224
3397,3.97959
1723,4.63756
3017,4.43662
2655,4.60824
3464,3.40823
2538,4.92028
769,4.10117
1168,4.49876
1461,4.86675
1049,4.85895
1312,4.08073
2366,3.93924
2605,4.67092
2358,4.09875
749,4.77852
2901,4.70696
5420,4.49768
2730,4.64186
457,4.63299
1265,3.67965
535,3.97959
962,3.8830200000000006
1991,4.10117
4182,4.704
1295,4.21496
4926,4.00514
2151,4.61604
478,4.85895
1379,4.43204
4324,3.99035
2306,4.58322
1,4.08073
5593,3.679650000000001
5291,4.85895
3437,4.77852
633,4.47535
5039,4.50898
179,4.86675
1601,4.63756
2135,4.96224
3582,4.37636
1476,4.5235
2973,4.90387
4056,4.55336
2546,4.44684
5205,4.3812
4941,5.04133
4848,4.62384
1195,4.57865
5194,4.50306
5258,4.96224
1613,3.82357
3750,3.85934
4161,5.10078
5452,4.41052
2616,3.46795
3573,3.87817
5158,4.6954
5228,4.90387
1496,4.83016
217,4.13399
3415,5.04133
1207,3.87817
310,4.07185
4777,4.63756
4261,4.07185
3481,4.412907457627118
5100,4.10117
2029,5.04133
466,4.67092
864,4.09875
4428,4.29862
4664,4.47535
5365,4.00514
969,4.6954
947,4.16762
2456,4.70696
2549,4.28656161764706
414,4.21227
1481,4.830160000000001
3467,3.87468
1057,5.05048
3620,4.01509
617,4.54341
3365,4.69486
1308,4.50306
5313,4.58322
2308,4.934
1992,3.8623
1624,4.3812
3466,4.16762
2327,4.0619
2284,4.51678
4673,3.8623
1684,3.87817
4319,4.86675
34,5.05048
398,4.90387
3906,4.25123870967742
1728,4.47535
1202,4.90387
2122,4.79788
4974,4.92028
1012,4.06217
2776,4.15282
734,4.22707
3707,4.481
674,4.88558
5134,4.32283
60,4.481
2444,4.16762
2318,4.70836
2288,4.13641
1315,4.06809
1452,3.99035
2481,4.15524
3535,4.37636
5123,3.46795
1181,4.704
4590,3.85934
5641,4.85895
5446,4.92028
1852,4.10467
3902,3.87737
4600,4.481
4232,4.57865
1388,4.48127
1053,4.13265
1740,4.16762
3676,4.43204
1631,4.654952253521127
4413,4.55336
1086,4.766836338028169
4612,4.54341
453,4.88558
2919,4.07185
1475,4.15282
1095,4.01644
4987,4.704
1237,5.04133
3406,4.5235
2544,4.21227
1347,4.32283
3923,4.43204
4594,3.8623
3778,5.31786
678,3.40823
640,3.88302
2660,4.62384
794,4.887625190839695
1960,4.61604
1942,4.5001
4736,5.2498
611,4.66123
5208,4.3812
2378,4.481
509,4.32337
2129,4.704000000000001
1134,4.15282
2768,4.5001
3493,4.72014
5626,4.61604
2170,4.47535
4362,4.01509
2843,5.05048
894,4.11785
2322,4.37636
4147,4.0271688811188815
4795,4.16762
4074,4.090797058823529
3412,4.73279
4325,4.252349473684211
4792,4.10117
3284,4.29862
5111,3.4085
3851,4.79788
4032,4.47535
4125,4.71718
4960,4.49768
3788,3.87737
959,4.37636
320,3.89996
63,3.46795
2590,4.77852
1243,4.88558
2610,4.02801
5156,4.277507887323944
945,4.22707
2585,4.63299
3974,3.92041
2362,4.5235
3828,4.85895
98,4.6954
2025,4.55336
1133,4.05356
235,4.11785
2592,5.31786
5094,4.06217
2350,4.85895
3106,4.00514
4006,4.50306
4572,4.90387
4329,4.29243
2141,4.5235
3020,4.10117
2645,4.6954
2174,4.32337
3727,4.47535
3779,4.88558
870,4.44684
3296,4.29862
71,3.82357
4631,3.89996
3525,3.97959
4242,4.71718
1221,4.49768
494,4.22707
2305,4.43204
3685,4.50252
3825,5.01201
1433,4.29862
3030,4.86675
589,4.21227
1826,4.58322
2802,4.6954
3290,4.08073
5382,3.40823
2586,4.69486
742,4.67092
4298,3.87468
328,4.54341
3214,4.304
3746,4.06217
4067,4.85895
3829,4.704
393,4.13265
3207,4.48127
4123,4.90387
5360,4.13399
765,4.934
3636,3.46795
4995,4.06809
5050,3.85934
2913,4.69486
3104,3.97501
4272,3.8623
1891,4.934
726,4.32902
4430,3.88302
4419,3.88302
2924,4.32902
4063,4.28947
4580,4.64186
3348,4.5001
4846,4.73359
158,3.8235700000000006
5052,4.21496
2644,4.50306
2262,4.28947
2891,4.06809
1961,5.04133
198,4.60824
5610,4.44684
4122,4.83016
997,4.6954
4933,4.83016
1621,4.77852
4640,4.32902
3494,4.07185
1174,4.22222
3715,3.97959
2125,5.01201
4813,4.61604
5242,4.71718
3270,4.51678
147,4.5001
3813,4.47535
2766,4.13265
4616,4.6954
5138,3.93924
1143,4.856885100671141
2695,4.32902
234,4.96224
5604,4.22707
1521,4.63299
5268,5.39802
3359,4.32902
379,4.73359
4514,4.01644
3351,4.37905
1555,4.83016
3297,3.97959
1206,4.01509
506,4.32283
399,4.818940188679245
4239,4.83016
5683,4.70696
3675,4.49768
760,4.41052
3056,4.00514
1996,4.69486
2352,3.87817
348,4.866750000000001
3884,5.31786
4053,4.73359
57,5.29365
4433,3.67965
15,4.704
3498,4.32283
4240,4.90387
139,3.93924
1696,4.49768
4048,4.69486
477,4.92028
829,4.6954
3585,4.01509
1064,3.46795
988,4.67092
4733,4.47535
614,4.09875
1659,4.62384
3066,4.60824
4869,5.39802
2080,4.96224
3646,4.0619
5595,4.07777
86,3.899960000000001
1346,4.922014598540146
2646,4.57865
2251,4.63299
791,4.5001
3385,4.01644
1903,4.778520000000001
3958,4.06217
293,4.29243
1225,4.13265
5481,4.13641
1574,4.22222
395,4.50306
3559,4.63299
4111,4.962905052631579
5590,3.97501
4647,4.21227
4434,3.40823
4035,4.15524
1319,4.13399
2687,4.73359
2631,4.49876
4248,4.05356
919,4.72014
2676,3.99035
3249,4.05356
3984,3.40823
1765,5.10078
4843,4.60824
4093,4.29862
266,4.63756
2597,4.71718
1280,4.73279
1708,4.10467
4443,3.67965
2131,4.32283
2221,3.89996
4200,4.47535
3138,4.01509
4912,4.0619
1421,3.92041
4086,3.4085
831,4.95606
2445,3.87468
254,4.22707
4854,4.11785
814,4.6954
1770,5.31786
3691,4.13265
3035,5.04133
4851,4.15524
3866,4.28947
1056,4.97381
5076,4.07185
1335,3.8623
1705,4.01509
595,3.93924
4436,4.16762
4981,4.43662
3251,4.704
4473,5.01201
2589,4.86675
2557,4.54341
4578,4.21496
82,3.89996
3759,5.04133
2124,4.43662
2264,4.0514862962962965
3560,4.69486
4039,4.22222
2825,4.41052
2879,5.01201
2239,4.155352966101694
3732,4.88558
2520,4.704
1002,4.16762
5485,4.11785
2581,3.99035
5357,4.05356
5171,4.02801
3583,4.00514
4668,4.5235
1858,3.97959
713,3.67965
5260,5.29365
259,3.4085
2571,4.32283
3963,3.92041
4,4.06809
185,4.13265
861,3.87468
1990,4.95606
4340,4.43662
387,4.704
3101,3.93924
3609,4.06809
4944,4.5235
4817,4.73359
1957,4.63541
796,4.3812
5274,3.88302
1536,4.29243
2128,4.85895
3021,3.8623
4206,4.41052
1337,4.286783157894737
4108,4.32337
5644,4.44684
4116,4.49876
4179,4.50306
5110,3.82357
2737,4.63541
858,3.4082300000000005
2777,4.934
4858,4.21227
3313,4.01509
2033,4.95606
256,4.01644
4462,4.09875
1474,4.05356
485,4.50252
5279,4.49876
3592,4.63541
4169,4.86675
3904,4.02801
4866,4.90387
891,3.87737
1562,4.304
257,4.08073
587,4.37636
2950,4.05356
2057,4.00514
3342,4.51678
2587,4.61604
1036,3.87817
4523,4.51678
5681,4.54341
3688,4.666632027027028
3419,3.899960000000001
2869,4.92028
1072,5.29365
4403,4.50252
879,4.72014
3839,3.97959
142,3.40823
2346,4.90387
2831,4.57865
4393,4.22707
4894,4.51678
5127,4.48127
2458,4.07185
1893,5.05048
1799,4.61604
4900,3.97501
5167,4.50898
5,4.51678
1167,4.70696
5090,4.49876
5631,4.481
1736,3.88302
5471,4.92028
2870,4.85895
3059,3.87817
686,4.5001
4515,4.08073
250,4.09875
4264,4.43204
3148,4.10467
3361,3.8623
5115,3.87737
2006,4.41052
817,4.793797142857143
5566,4.62384
161,4.50898
916,4.5001
226,4.32283
3108,4.01509
5185,4.44684
4505,4.3812
3305,3.82357
5535,4.62384
4435,4.07777
5031,4.88558
5366,4.524705789473684
3772,5.2498
2117,5.01201
4504,4.50898
2715,4.07777
1969,4.86675
431,4.63756
751,4.79788
2780,4.61604
890,3.890524507042254
5376,4.85895
4256,4.55336
3722,4.63756
662,4.05356
335,4.07185
3170,4.43662
1179,4.92028
5340,4.21496
1544,4.62384
1887,4.90387
4793,3.8623
2448,4.50898
4025,4.28517
5456,4.15524
730,5.05048
2537,4.71718
5409,4.32902
4985,5.01201
3128,4.6954
634,4.51678
4081,4.70696
1410,4.988665041322315
5648,4.49876
1420,3.85934
4337,4.32337
2981,4.32337
3233,4.08073
2542,4.44684
4008,4.57865
1522,4.69486
3840,4.54341
445,4.50252
4158,4.32337
3903,4.28947
5691,4.5001
4876,5.31786
1681,4.67092
2868,4.71718
1569,4.410373333333333
2926,4.61604
2098,3.89996
525,4.97381
1974,3.82357
3985,4.07777
3628,5.10078
1302,4.63756
4491,4.29862
3010,4.49876
5087,4.67092
2478,4.64186
1505,4.692100851063829
5038,4.64186
5508,3.82357
2530,4.502519999999999
982,4.60824
974,4.481
410,4.11785
3820,4.22707
1384,4.22707
1888,4.71718
5611,4.43662
5390,4.5001
3253,4.934
1150,4.49876
2551,3.87468
1043,3.4085
4288,4.6954
4553,4.21227
3897,4.32283
3642,4.00514
5545,4.37636
2139,5.01201
902,3.87468
2073,5.05048
446,4.63541
603,3.85934
4269,3.92041
2856,5.04133
1196,4.95606
1031,3.97959
690,4.63756
2790,4.95606
2447,4.64186
4899,4.11785
1864,4.00514
1435,4.54341
3367,5.04133
4916,4.73279
3550,4.90387
739,4.73359
2763,4.43662
3935,4.22707
1525,4.44684
1739,4.07777
2181,4.29243
5437,4.22707
673,5.31786
54,5.39802
4619,4.37905
3037,5.31786
3129,4.4746470370370375
505,4.37905
1507,4.3812
1116,4.21496
1600,4.58322
363,4.32283
4299,4.07777
1009,4.37636
756,4.21227
5628,4.97381
2783,5.05048
3033,5.39802
2788,4.55336
1885,4.88558
4769,4.79788
3692,4.304
4867,5.012009999999999
388,4.797880000000001
744,4.86675
2842,4.97381
458,4.69486
5600,4.09875
244,4.934
2798,4.13399
513,5.39802
645,4.37905
2400,3.93924
1128,4.01509
1470,3.92041
4168,4.55336
3846,4.49768
2476,4.86675
3597,4.6954
3357,4.50252
2298,4.3812
5598,3.46795
434,4.92028
3362,4.50252
5613,4.3812
2132,4.32902
770,3.8623
898,3.82357
5160,4.97381
1204,4.00514
307,4.22707
1212,4.15282
2953,3.85934
184,4.29243
3381,5.31786
100,4.95606
4493,4.73359
4172,4.50898
4924,3.9750100000000006
5410,4.47535
3229,4.85895
1800,4.32283
353,5.05048
4840,5.29365
4923,4.11785
1861,4.70696
2148,4.63541
3384,4.90387
1039,4.06217
2559,4.70696
236,3.97501
405,4.13265
3519,4.83016
5073,5.29365
1738,3.40823
45,4.51678
428,4.15524
3240,3.9750100000000006
5064,4.15524
3724,4.37905
2158,4.64186
1966,4.62384
4788,4.5235
3773,5.10078
1709,4.06217
4003,4.62384
5483,3.97959
1103,4.08073
3532,4.13641
3442,4.13641
3353,4.05356
5308,4.15524
4037,4.02801
4753,4.43204
4296,4.69486
4113,4.54341
2453,4.0619
4727,5.01201
2232,4.28947
5117,4.13641
5397,4.934
1014,4.51678
563,5.05048
274,4.934
5061,5.10078
1553,5.31786
783,4.49768
4222,4.22222
3409,4.21496
280,4.15524
2189,4.50306
3700,4.54341
3246,4.0619
4432,3.88302
3810,4.44684
2202,4.32337
4642,4.32337
5547,4.21227
844,4.90387
4872,4.97381
2900,4.22707
5651,4.49768
1284,4.96224
2609,4.73359
3504,5.10078
616,3.97959
275,4.37905
2442,3.4082300000000005
1227,4.50306
3078,4.62384
1321,4.172081
3841,4.22707
2469,4.0619
922,4.5001
3356,3.85934
3695,4.09875
5599,4.28517
3368,5.29365
4474,4.71718
4724,4.73359
1905,4.69486
2841,4.60824
2895,4.50252
5460,4.85895
2345,3.85934
4321,4.704
3616,4.63756
5574,4.3812
3383,4.83016
1162,5.29365
5102,4.50252
2204,4.08073
1106,4.068089999999999
3780,4.83016
4993,4.13265
1389,4.49768
1451,4.05356
1391,4.50252
771,4.50252
4582,4.3812
2896,4.63541
680,3.554341376146789
4686,4.0619
1490,4.704
3734,3.8623
1087,5.29365
3960,4.15282
4313,4.72014
124,4.50898
5062,5.39802
2219,4.49768
18,4.43662
3981,4.69486
80,4.06809
5506,4.01644
667,4.21496
3835,4.13265
248,3.4679500000000005
4320,4.778519999999999
5086,4.62384
386,4.85895
1477,5.04133
1414,4.96224
1138,5.04133
1495,4.88558
2650,4.62384
3683,4.10117
2606,4.60824
3420,3.87737
3625,4.05356
3520,4.815748671328672
476,3.97959
5561,4.64186
835,4.01644
1231,4.85895
58,5.31786
1577,4.77852
3449,4.85895
3601,4.58322
4644,3.97501
3114,4.70696
151,4.49768
5652,4.43204
1274,4.5235
4893,4.06809
3054,3.97501
528,4.481
3928,4.32283
5387,4.02801
5225,5.29365
1665,4.43204
4621,4.10117
3315,4.481269999999999
2452,3.87817
5233,4.5235
5251,4.61604
3336,3.4085
839,4.06809
5411,4.32337
1073,3.92041
1281,5.2498
1719,4.50898
285,4.90387
866,3.97959
2554,4.09875
227,4.32902
5491,4.41052
1946,4.77852
892,4.13399
1599,4.43204
4211,4.67092
4167,4.67092
2068,5.10078
811,4.13265
3574,4.0619
340,4.15282
1147,4.54341
2186,4.29243
1675,4.08073
4805,4.29243
4014,4.11785
2747,4.48127
1027,4.54341
343,4.88558
669,4.49768
4112,3.97959
5302,4.96224
4369,4.43662
978,4.92028
2665,4.64186
2051,4.934
1580,4.15524
1105,3.4085
3586,3.87817
3689,4.41052
4726,4.62384
4765,4.48127
5276,3.4085
2197,4.43204
4766,4.49768
1108,3.93924
627,4.58322
1339,4.49876
608,4.3812
4075,4.22222
5658,4.32902
5564,4.73359
2023,4.62384
2000,5.05048
78,3.82357
1097,3.82357
2201,4.66123
5085,4.83016
242,4.0619
3924,4.58322
101,4.22222
708,4.58322
484,3.8623
4577,3.92041
5174,3.87468
3568,3.85934
2470,4.10467
3543,4.37636
3632,3.97959
3728,4.32337
3907,4.5001
3556,4.79788
4164,4.10467
177,4.67092
3838,4.29862
3901,3.89996
4096,4.50306
649,4.08073
4746,4.37636
2968,4.55336
5213,4.22222
2965,4.28947
2761,4.44684
298,4.32337
646,4.32283
3567,4.5235
877,4.6954
2169,4.32902
230,4.73279
1933,4.61604
2654,4.77852
4120,4.06217
5139,3.8830200000000006
3516,4.97381
3831,4.44684
4680,4.29862
4628,3.4085
17,4.44684
488,3.40823
4718,4.06809
3159,4.32902
4209,4.304
2046,4.48127
1194,4.10467
4002,4.83016
2373,4.32337
3518,4.88558
105,3.40823
5523,4.67092
4929,5.05048
143,4.07777
3339,3.82357
5675,4.50898
1359,4.01509
4421,3.4082300000000005
288,3.88302
873,4.29243
789,4.084891780821917
1076,3.8623
3596,5.04133
1518,4.32337
334,4.49876
1018,4.37636
2230,4.3812
1063,3.87468
4573,3.99035
3872,4.63541
4681,3.97959
3650,4.15282
778,4.00514
2921,4.934
3920,4.379050000000001
4946,3.92041
3161,4.07185
1462,4.77852
4943,4.15282
450,4.60824
2428,4.70696
5562,4.50898
1404,4.66123
2992,4.48127
5195,4.6954
970,4.57865
5224,5.04133
2292,4.67092
4441,3.93924
1172,4.43204
648,4.01644
1060,4.86675
35,4.73359
463,4.73359
5633,5.01201
724,4.49768
4820,4.67092
1463,4.64186
682,4.28947
376,4.60824
5417,4.49876
3291,4.51678
2746,4.07185
2482,5.01201
4653,4.05356
3733,4.10117
1590,4.01509
3855,4.63756
3515,4.60824
1979,5.04133
3156,4.63541
5236,4.21496
1894,4.73359
4706,4.6954
5149,4.06217
661,4.06217
1248,4.92028
3506,3.874680000000001
558,4.58322
1594,4.43204
1238,4.44684
5334,4.06217
2721,4.63299
3936,4.70696
3858,4.73279
4380,4.47535
3982,3.8830200000000006
2657,5.05048
2257,4.5235
3446,5.01201
2168,4.32283
4508,4.02801
1840,4.63756
568,4.71718
28,3.89996
1677,3.4085
1668,4.69486
3952,4.304
5266,5.249799999999999
5314,3.93924
5530,4.5235
2301,4.637560000000001
1534,4.43662
5143,4.00514
5616,4.29243
2394,4.67092
3121,4.63756
4249,4.15282
5278,4.70696
3243,4.21227
1537,4.13265
4779,3.67965
5152,4.6954
3802,4.28517
928,4.10467
170,4.61604
3653,3.92041
338,4.43204
145,3.87468
4159,4.73279
639,4.29862
852,4.50252
1756,3.88302
2596,5.01201
3814,4.32337
89,4.63299
3146,3.87817
4049,4.61604
1140,5.31786
3480,4.50898
4291,4.47535
3562,4.60824
1586,3.97501
3242,4.00514
116,4.88558
1130,4.0619
2892,4.21496
1664,4.49768
845,4.67092
5464,5.29365
3599,3.99035
2431,4.304
423,4.86675
1567,4.487357814569536
94,4.67092
3530,4.92028
4835,4.129575298013245
1655,4.97381
5625,4.69486
4711,5.39802
168,4.77852
3987,3.89996
3168,4.79788
3789,4.13399
4818,4.481
3824,4.90387
3850,4.704
3164,4.43204
4755,4.83016
2372,4.66123
5037,4.85895
3241,4.37636
3166,3.40823
4178,4.304
4786,4.05356
2541,4.79788
5692,4.66123
397,4.83016
3957,4.41052
1425,4.43204
1809,3.92041
994,3.99035
868,4.704
1469,4.13265
3109,4.07185
543,4.50252
5155,3.99035
2916,4.97381
4105,4.79788
2407,5.10078
36,4.481
1187,4.92028
3473,4.63541
278,4.79788
3864,4.49768
1751,4.72014
1325,4.0619
1568,4.72014
5615,4.28947
4073,4.29243
4990,4.43662
4482,4.43204
3991,4.43662
3652,3.85934
5202,4.85895
5556,4.37905
5203,4.704
4174,4.15524
2584,4.63541
1383,4.54341
2472,4.05356
137,4.503059999999999
5306,4.88558
1779,4.88558
3859,5.2498
2810,4.16762
377,4.97381
1546,4.55336
4312,4.32337
826,4.6954
1393,4.63299
1660,4.70696
1377,4.48127
3376,4.97381
2894,3.8623
3590,4.44684
4065,4.71718
5309,4.28947
3433,4.48127
1079,5.10078
4390,4.28947
820,4.85895
971,4.876378410596026
2462,4.37905
5377,4.704
1846,4.95606
1642,4.15524
3664,4.66123
2062,4.49768
1912,4.37905
4991,4.41052
3443,4.11785
4634,4.09875
653,4.51678
2392,4.22222
2259,3.92041
1949,5.2498
2185,4.41052
3744,4.0619
4940,4.61604
3043,4.314688749999999
1333,4.21496
4341,4.41052
5429,4.901671764705882
3649,4.05356
211,3.82357
2818,3.97501
4388,5.29365
1729,4.32337
2273,4.11785
4618,4.95606
4635,4.05356
4975,4.85895
2941,4.55336
736,4.49876
369,4.77852
2036,4.07185
207,4.73359
4069,4.79788
4518,4.07777
1909,5.39802
1189,4.704
3068,5.01201
4904,3.899960000000001
2038,4.49768
2483,4.71718
4682,4.54341
210,4.67092
1151,4.07185
3929,4.32902
3158,3.92041
4038,3.99035
4935,5.01201
3635,4.70696
1548,4.86675
5501,5.05048
995,4.22222
3552,4.71718
3821,4.7069600000000005
1336,4.73279
1135,4.72014
4611,3.97501
2878,4.90387
786,4.43662
287,3.93924
5043,3.87817
1908,4.01644
5342,3.8623
479,4.680288684210527
1261,4.50252
2726,5.05048
4190,4.11785
2709,4.88558
1526,4.287403333333333
659,3.97501
4651,4.10467
3364,4.63299
3176,4.66123
4480,4.48127
5389,4.22222
1163,4.67092
4654,4.15282
3836,4.28517
202,4.69486
4807,4.304
3239,4.43662
1286,4.50306
685,4.22222
3162,4.48127
2899,4.28947
3964,4.32902
2517,4.71718
5605,4.37636
4364,4.0619
905,4.29862
3731,5.31786
2744,4.32337
5435,3.97959
1953,5.04133
1322,3.97501
5035,4.71718
1291,4.21496
498,4.48127
190,3.85934
1968,4.55336
1438,4.6954
4881,3.46795
5629,5.05048
2083,5.05048
76,3.46795
1282,5.10078
5097,4.10117
1447,3.87817
3598,4.57865
1841,5.31786
1371,4.86675
2466,4.32337
50,4.32337
4884,5.39802
5463,5.04133
1304,4.41052
808,4.43662
302,4.3812
2822,4.79788
1307,4.304
2304,4.49768
3940,4.64186
4244,4.85895
1988,4.66123
5579,4.58322
5531,3.85934
5126,4.29862
2047,4.49768
929,4.06217
444,4.95606
4343,3.99035
2012,4.72014
4833,4.15524
4630,4.51678
2375,4.01644
3547,4.50306
4338,4.73279
4886,5.04133
5426,4.32283
5165,4.32337
1620,4.13641
1528,4.02801
1797,5.10078
1713,4.13265
3064,4.383523539823009
1646,4.704
4351,4.49876
676,4.704
3274,3.97959
2382,5.04133
5181,4.58322
4781,4.63756
3659,4.13265
2846,4.62384
3626,4.15282
1794,4.32337
1980,5.29365
2192,4.537723947368422
3007,5.39802
2504,4.44684
1042,3.800782666666667
853,4.63541
1570,4.43662
3660,4.304
3925,4.63756
5500,4.97381
4837,5.39802
4457,3.46795
1882,4.21227
4004,4.670920000000001
3671,4.63756
1397,5.29365
2753,4.481
5154,4.95606
1369,5.01201
2336,4.21227
2290,4.481
3993,4.29243
1373,4.64186
1503,4.86675
2720,5.39802
604,4.32283
594,4.06217
903,3.46795
3273,4.29862
4744,4.11785
1803,4.32337
2471,4.06217
5388,3.99035
1535,4.41052
4352,4.07185
2807,3.67965
24,3.88302
55,4.96224
4953,4.72014
4398,4.5001
1550,3.87468
4806,3.99035
3001,4.15282
3922,4.49768
3028,4.67092
1619,4.13399
355,5.10078
3529,4.49876
1808,4.61604
3479,4.64186
3360,4.10117
3801,3.46795
2547,4.29243
1995,4.63299
102,4.50306
1542,4.95606
980,4.64186
5319,4.63299
3749,4.5235
3074,4.73359
3845,4.48127
5509,3.4085
360,5.31786
2457,4.49876
5372,4.61604
38,4.67092
2652,4.55336
68,4.850773388429752
1836,4.96224
4425,3.46795
2674,4.28947
2719,5.10078
4160,5.2498
1731,4.22222
2067,5.2498
148,4.66123
4196,4.5235
2681,4.86675
2286,3.87737
2685,4.0619
5571,4.72014
3755,4.15282
1124,3.9750100000000006
2333,4.73359
1122,4.13641
5333,4.86675
4280,4.603990196078432
3111,4.49768
4570,4.88558
672,5.29365
1838,4.43204
4824,4.66123
1405,4.32337
232,5.10078
1870,4.06217
2844,4.73359
1825,4.43204
3713,4.83016
1557,4.5235
5573,4.50898
2689,4.11785
2423,4.16762
1716,4.66123
5666,4.81996208588957
4304,4.01509
10,4.62384
3720,4.28517
2461,4.934
1872,4.15282
1176,4.66123
1757,3.67965
2066,4.5235
2710,4.83016
2739,5.39802
4715,4.60824
2072,5.29365
3644,4.49876
834,4.13265
3302,4.90387
3278,4.49876
3757,5.39802
3279,4.07185
3768,4.43204
2105,4.73359
1454,4.29862
2575,5.39802
40,4.69486
4009,4.51678
4356,4.58322
1516,4.01644
5055,4.00514
2432,4.50306
2964,4.15524
2167,3.67965
1480,4.88558
4287,4.501850260869565
2435,4.72014
1146,4.73359
2880,4.71718
3201,5.29365
1812,3.8623
2622,4.51678
2522,4.3812
803,4.6954
2126,4.71718
3898,3.4085
5074,5.31786
2604,4.41052
1198,4.704
1444,4.3812
5352,4.154526396396396
2643,4.304
4315,4.481
1650,4.63541
1554,4.88558
4604,4.02801
4915,4.32337
757,4.32283
4276,4.304
5223,4.96224
753,3.97959
2065,4.358572949640288
4136,4.07777
1795,4.73279
800,4.13265
1427,4.63756
4945,3.85934
1910,4.96224
5440,5.05048
4057,4.86675
728,4.60824
3165,3.67965
4371,4.29243
5104,4.58322
593,4.10467
5451,4.32283
1230,4.95606
1203,4.67092
5170,4.28947
1015,4.2746826415094334
2016,4.32902
3509,4.13641
3800,4.06217
69,4.01644
1658,4.481
651,3.4085
4094,4.95606
2069,5.39802
5650,4.48127
4127,4.85895
1561,4.13265
3182,3.92041
5131,4.63756
3605,4.32283
2052,3.85934
5063,4.3812
4971,4.73359
4389,5.01201
4395,4.49876
816,4.62384
949,4.73359
5130,4.58322
4064,4.67092
4516,3.82357
2060,3.87817
2668,4.06809
2244,4.86675
1644,4.29243
2662,4.55336
4498,4.3812
5380,4.43662
3199,4.96224
2954,3.92041
1166,4.22707
2698,4.73279
3891,4.21227
1334,4.10117
4531,4.00514
300,4.661504258064515
1865,4.21227
5177,4.13399
2180,4.41052
4483,3.82357
2371,4.5001
3876,4.32337
1929,4.251376347826087
1224,4.29243
4134,3.67965
3949,4.41052
5655,4.934
4889,3.99035
3150,4.05356
3941,4.62384
2578,4.06809
5163,4.15524
1114,3.85934
2199,4.73279
2624,4.21496
2511,3.899960000000001
631,4.32283
2076,4.659676363636364
2692,5.2498
4757,4.13641
810,4.29243
4748,4.21227
878,4.57865
2465,4.47535
5680,3.9750100000000006
1473,4.06217
3373,4.47535
1886,4.83016
1186,4.92028
2948,5.01201
1688,4.11785
3044,4.29243
5096,4.21496
2512,3.87737
2411,4.64186
4062,4.43662
5668,4.750775949367089
2922,4.37905
2594,4.83016
1636,5.10078
537,4.22707
4027,4.29862
2228,4.32337
2198,4.32337
2999,4.32283
2990,4.49876
3452,4.6954
125,4.95606
2254,4.60824
871,4.43662
3868,4.37905
3977,3.8623
1875,4.50306
2014,4.77852
5601,4.29862
3475,5.01201
2489,4.15524
2480,4.44684
923,4.00514
3863,4.48127
2795,4.51678
2450,4.15524
5211,4.02801
5624,4.73359
805,4.704
2210,4.09875
1605,4.32902
1368,4.90387
1582,4.02801
4302,4.00514
4758,4.29862
933,3.85934
4620,4.21496
372,4.63541
3069,4.71718
2190,4.54341
3097,4.898780245901639
364,4.32902
1741,3.87468
2611,3.99035
531,3.87737
3536,4.00514
1362,4.10467
1832,5.124389918699188
3060,4.48127
830,4.57865
529,4.62384
5164,4.50306
1685,4.3146709589041095
4814,4.60824
4412,4.79788
97,4.50306
601,4.95606
4782,3.87817
3630,4.09875
112,4.88558
2486,4.704
4568,5.293650000000001
1328,4.05356
2910,4.51678
2406,5.2498
1247,4.71718
2514,4.13641
4445,4.88558
3503,5.2498
3610,4.51678
968,3.46795
4605,3.99035
5423,4.63756
2704,4.97381
790,4.304
3600,4.43204
4368,4.44684
2438,3.67965
2360,4.05356
3672,4.49876
1638,4.96224
4608,4.13399
4142,4.29862
2493,4.61604
1071,4.47535
3666,4.72014
176,4.62384
1608,4.88558
4431,4.01644
5101,3.8623
2155,4.32337
5567,4.67092
4883,4.09875
4756,4.90387
5393,4.49768
1422,4.2149600000000005
1831,4.97381
996,4.50306
3026,3.88302
2331,4.32337
2593,4.88558
1641,4.3812
3213,3.99035
1125,4.37636
2626,3.8623
1690,4.37636
1160,5.041330000000001
